publication_id,title,journal,year,doi
PUB0001,Genomic Study 1,Nature,2015,10.1000/dgm.0001
PUB0002,Genomic Study 2,Science,2016,10.1000/dgm.0002
PUB0003,Genomic Study 3,Cell,2017,10.1000/dgm.0003
PUB0004,Genomic Study 4,Lancet,2018,10.1000/dgm.0004
PUB0005,Genomic Study 5,NEJM,2019,10.1000/dgm.0005
PUB0006,Genomic Study 6,Nature,2020,10.1000/dgm.0006
PUB0007,Genomic Study 7,Science,2021,10.1000/dgm.0007
PUB0008,Genomic Study 8,Cell,2022,10.1000/dgm.0008
PUB0009,Genomic Study 9,Lancet,2023,10.1000/dgm.0009
PUB0010,Genomic Study 10,NEJM,2024,10.1000/dgm.0010
PUB0011,Genomic Study 11,Nature,2025,10.1000/dgm.0011
PUB0012,Genomic Study 12,Science,2015,10.1000/dgm.0012
PUB0013,Genomic Study 13,Cell,2016,10.1000/dgm.0013
PUB0014,Genomic Study 14,Lancet,2017,10.1000/dgm.0014
PUB0015,Genomic Study 15,NEJM,2018,10.1000/dgm.0015
PUB0016,Genomic Study 16,Nature,2019,10.1000/dgm.0016
PUB0017,Genomic Study 17,Science,2020,10.1000/dgm.0017
PUB0018,Genomic Study 18,Cell,2021,10.1000/dgm.0018
PUB0019,Genomic Study 19,Lancet,2022,10.1000/dgm.0019
PUB0020,Genomic Study 20,NEJM,2023,10.1000/dgm.0020
PUB0021,Genomic Study 21,Nature,2024,10.1000/dgm.0021
PUB0022,Genomic Study 22,Science,2025,10.1000/dgm.0022
PUB0023,Genomic Study 23,Cell,2015,10.1000/dgm.0023
PUB0024,Genomic Study 24,Lancet,2016,10.1000/dgm.0024
PUB0025,Genomic Study 25,NEJM,2017,10.1000/dgm.0025
PUB0026,Genomic Study 26,Nature,2018,10.1000/dgm.0026
PUB0027,Genomic Study 27,Science,2019,10.1000/dgm.0027
PUB0028,Genomic Study 28,Cell,2020,10.1000/dgm.0028
PUB0029,Genomic Study 29,Lancet,2021,10.1000/dgm.0029
PUB0030,Genomic Study 30,NEJM,2022,10.1000/dgm.0030
PUB0031,Genomic Study 31,Nature,2023,10.1000/dgm.0031
PUB0032,Genomic Study 32,Science,2024,10.1000/dgm.0032
PUB0033,Genomic Study 33,Cell,2025,10.1000/dgm.0033
PUB0034,Genomic Study 34,Lancet,2015,10.1000/dgm.0034
PUB0035,Genomic Study 35,NEJM,2016,10.1000/dgm.0035
PUB0036,Genomic Study 36,Nature,2017,10.1000/dgm.0036
PUB0037,Genomic Study 37,Science,2018,10.1000/dgm.0037
PUB0038,Genomic Study 38,Cell,2019,10.1000/dgm.0038
PUB0039,Genomic Study 39,Lancet,2020,10.1000/dgm.0039
PUB0040,Genomic Study 40,NEJM,2021,10.1000/dgm.0040
PUB0041,Genomic Study 41,Nature,2022,10.1000/dgm.0041
PUB0042,Genomic Study 42,Science,2023,10.1000/dgm.0042
PUB0043,Genomic Study 43,Cell,2024,10.1000/dgm.0043
PUB0044,Genomic Study 44,Lancet,2025,10.1000/dgm.0044
PUB0045,Genomic Study 45,NEJM,2015,10.1000/dgm.0045
PUB0046,Genomic Study 46,Nature,2016,10.1000/dgm.0046
PUB0047,Genomic Study 47,Science,2017,10.1000/dgm.0047
PUB0048,Genomic Study 48,Cell,2018,10.1000/dgm.0048
PUB0049,Genomic Study 49,Lancet,2019,10.1000/dgm.0049
PUB0050,Genomic Study 50,NEJM,2020,10.1000/dgm.0050
PUB0051,Genomic Study 51,Nature,2021,10.1000/dgm.0051
PUB0052,Genomic Study 52,Science,2022,10.1000/dgm.0052
PUB0053,Genomic Study 53,Cell,2023,10.1000/dgm.0053
PUB0054,Genomic Study 54,Lancet,2024,10.1000/dgm.0054
PUB0055,Genomic Study 55,NEJM,2025,10.1000/dgm.0055
PUB0056,Genomic Study 56,Nature,2015,10.1000/dgm.0056
PUB0057,Genomic Study 57,Science,2016,10.1000/dgm.0057
PUB0058,Genomic Study 58,Cell,2017,10.1000/dgm.0058
PUB0059,Genomic Study 59,Lancet,2018,10.1000/dgm.0059
PUB0060,Genomic Study 60,NEJM,2019,10.1000/dgm.0060
PUB0061,Genomic Study 61,Nature,2020,10.1000/dgm.0061
PUB0062,Genomic Study 62,Science,2021,10.1000/dgm.0062
PUB0063,Genomic Study 63,Cell,2022,10.1000/dgm.0063
PUB0064,Genomic Study 64,Lancet,2023,10.1000/dgm.0064
PUB0065,Genomic Study 65,NEJM,2024,10.1000/dgm.0065
PUB0066,Genomic Study 66,Nature,2025,10.1000/dgm.0066
PUB0067,Genomic Study 67,Science,2015,10.1000/dgm.0067
PUB0068,Genomic Study 68,Cell,2016,10.1000/dgm.0068
PUB0069,Genomic Study 69,Lancet,2017,10.1000/dgm.0069
PUB0070,Genomic Study 70,NEJM,2018,10.1000/dgm.0070
PUB0071,Genomic Study 71,Nature,2019,10.1000/dgm.0071
PUB0072,Genomic Study 72,Science,2020,10.1000/dgm.0072
PUB0073,Genomic Study 73,Cell,2021,10.1000/dgm.0073
PUB0074,Genomic Study 74,Lancet,2022,10.1000/dgm.0074
PUB0075,Genomic Study 75,NEJM,2023,10.1000/dgm.0075
PUB0076,Genomic Study 76,Nature,2024,10.1000/dgm.0076
PUB0077,Genomic Study 77,Science,2025,10.1000/dgm.0077
PUB0078,Genomic Study 78,Cell,2015,10.1000/dgm.0078
PUB0079,Genomic Study 79,Lancet,2016,10.1000/dgm.0079
PUB0080,Genomic Study 80,NEJM,2017,10.1000/dgm.0080
PUB0081,Genomic Study 81,Nature,2018,10.1000/dgm.0081
PUB0082,Genomic Study 82,Science,2019,10.1000/dgm.0082
PUB0083,Genomic Study 83,Cell,2020,10.1000/dgm.0083
PUB0084,Genomic Study 84,Lancet,2021,10.1000/dgm.0084
PUB0085,Genomic Study 85,NEJM,2022,10.1000/dgm.0085
PUB0086,Genomic Study 86,Nature,2023,10.1000/dgm.0086
PUB0087,Genomic Study 87,Science,2024,10.1000/dgm.0087
PUB0088,Genomic Study 88,Cell,2025,10.1000/dgm.0088
PUB0089,Genomic Study 89,Lancet,2015,10.1000/dgm.0089
PUB0090,Genomic Study 90,NEJM,2016,10.1000/dgm.0090
PUB0091,Genomic Study 91,Nature,2017,10.1000/dgm.0091
PUB0092,Genomic Study 92,Science,2018,10.1000/dgm.0092
PUB0093,Genomic Study 93,Cell,2019,10.1000/dgm.0093
PUB0094,Genomic Study 94,Lancet,2020,10.1000/dgm.0094
PUB0095,Genomic Study 95,NEJM,2021,10.1000/dgm.0095
PUB0096,Genomic Study 96,Nature,2022,10.1000/dgm.0096
PUB0097,Genomic Study 97,Science,2023,10.1000/dgm.0097
PUB0098,Genomic Study 98,Cell,2024,10.1000/dgm.0098
PUB0099,Genomic Study 99,Lancet,2025,10.1000/dgm.0099
PUB0100,Genomic Study 100,NEJM,2015,10.1000/dgm.0100
PUB0101,Genomic Study 101,Nature,2016,10.1000/dgm.0101
PUB0102,Genomic Study 102,Science,2017,10.1000/dgm.0102
PUB0103,Genomic Study 103,Cell,2018,10.1000/dgm.0103
PUB0104,Genomic Study 104,Lancet,2019,10.1000/dgm.0104
PUB0105,Genomic Study 105,NEJM,2020,10.1000/dgm.0105
PUB0106,Genomic Study 106,Nature,2021,10.1000/dgm.0106
PUB0107,Genomic Study 107,Science,2022,10.1000/dgm.0107
PUB0108,Genomic Study 108,Cell,2023,10.1000/dgm.0108
PUB0109,Genomic Study 109,Lancet,2024,10.1000/dgm.0109
PUB0110,Genomic Study 110,NEJM,2025,10.1000/dgm.0110
PUB0111,Genomic Study 111,Nature,2015,10.1000/dgm.0111
PUB0112,Genomic Study 112,Science,2016,10.1000/dgm.0112
PUB0113,Genomic Study 113,Cell,2017,10.1000/dgm.0113
PUB0114,Genomic Study 114,Lancet,2018,10.1000/dgm.0114
PUB0115,Genomic Study 115,NEJM,2019,10.1000/dgm.0115
PUB0116,Genomic Study 116,Nature,2020,10.1000/dgm.0116
PUB0117,Genomic Study 117,Science,2021,10.1000/dgm.0117
PUB0118,Genomic Study 118,Cell,2022,10.1000/dgm.0118
PUB0119,Genomic Study 119,Lancet,2023,10.1000/dgm.0119
PUB0120,Genomic Study 120,NEJM,2024,10.1000/dgm.0120
PUB0121,Genomic Study 121,Nature,2025,10.1000/dgm.0121
PUB0122,Genomic Study 122,Science,2015,10.1000/dgm.0122
PUB0123,Genomic Study 123,Cell,2016,10.1000/dgm.0123
PUB0124,Genomic Study 124,Lancet,2017,10.1000/dgm.0124
PUB0125,Genomic Study 125,NEJM,2018,10.1000/dgm.0125
PUB0126,Genomic Study 126,Nature,2019,10.1000/dgm.0126
PUB0127,Genomic Study 127,Science,2020,10.1000/dgm.0127
PUB0128,Genomic Study 128,Cell,2021,10.1000/dgm.0128
PUB0129,Genomic Study 129,Lancet,2022,10.1000/dgm.0129
PUB0130,Genomic Study 130,NEJM,2023,10.1000/dgm.0130
PUB0131,Genomic Study 131,Nature,2024,10.1000/dgm.0131
PUB0132,Genomic Study 132,Science,2025,10.1000/dgm.0132
PUB0133,Genomic Study 133,Cell,2015,10.1000/dgm.0133
PUB0134,Genomic Study 134,Lancet,2016,10.1000/dgm.0134
PUB0135,Genomic Study 135,NEJM,2017,10.1000/dgm.0135
PUB0136,Genomic Study 136,Nature,2018,10.1000/dgm.0136
PUB0137,Genomic Study 137,Science,2019,10.1000/dgm.0137
PUB0138,Genomic Study 138,Cell,2020,10.1000/dgm.0138
PUB0139,Genomic Study 139,Lancet,2021,10.1000/dgm.0139
PUB0140,Genomic Study 140,NEJM,2022,10.1000/dgm.0140
PUB0141,Genomic Study 141,Nature,2023,10.1000/dgm.0141
PUB0142,Genomic Study 142,Science,2024,10.1000/dgm.0142
PUB0143,Genomic Study 143,Cell,2025,10.1000/dgm.0143
PUB0144,Genomic Study 144,Lancet,2015,10.1000/dgm.0144
PUB0145,Genomic Study 145,NEJM,2016,10.1000/dgm.0145
PUB0146,Genomic Study 146,Nature,2017,10.1000/dgm.0146
PUB0147,Genomic Study 147,Science,2018,10.1000/dgm.0147
PUB0148,Genomic Study 148,Cell,2019,10.1000/dgm.0148
PUB0149,Genomic Study 149,Lancet,2020,10.1000/dgm.0149
PUB0150,Genomic Study 150,NEJM,2021,10.1000/dgm.0150
PUB0151,Genomic Study 151,Nature,2022,10.1000/dgm.0151
PUB0152,Genomic Study 152,Science,2023,10.1000/dgm.0152
PUB0153,Genomic Study 153,Cell,2024,10.1000/dgm.0153
PUB0154,Genomic Study 154,Lancet,2025,10.1000/dgm.0154
PUB0155,Genomic Study 155,NEJM,2015,10.1000/dgm.0155
PUB0156,Genomic Study 156,Nature,2016,10.1000/dgm.0156
PUB0157,Genomic Study 157,Science,2017,10.1000/dgm.0157
PUB0158,Genomic Study 158,Cell,2018,10.1000/dgm.0158
PUB0159,Genomic Study 159,Lancet,2019,10.1000/dgm.0159
PUB0160,Genomic Study 160,NEJM,2020,10.1000/dgm.0160
PUB0161,Genomic Study 161,Nature,2021,10.1000/dgm.0161
PUB0162,Genomic Study 162,Science,2022,10.1000/dgm.0162
PUB0163,Genomic Study 163,Cell,2023,10.1000/dgm.0163
PUB0164,Genomic Study 164,Lancet,2024,10.1000/dgm.0164
PUB0165,Genomic Study 165,NEJM,2025,10.1000/dgm.0165
PUB0166,Genomic Study 166,Nature,2015,10.1000/dgm.0166
PUB0167,Genomic Study 167,Science,2016,10.1000/dgm.0167
PUB0168,Genomic Study 168,Cell,2017,10.1000/dgm.0168
PUB0169,Genomic Study 169,Lancet,2018,10.1000/dgm.0169
PUB0170,Genomic Study 170,NEJM,2019,10.1000/dgm.0170
PUB0171,Genomic Study 171,Nature,2020,10.1000/dgm.0171
PUB0172,Genomic Study 172,Science,2021,10.1000/dgm.0172
PUB0173,Genomic Study 173,Cell,2022,10.1000/dgm.0173
PUB0174,Genomic Study 174,Lancet,2023,10.1000/dgm.0174
PUB0175,Genomic Study 175,NEJM,2024,10.1000/dgm.0175
PUB0176,Genomic Study 176,Nature,2025,10.1000/dgm.0176
PUB0177,Genomic Study 177,Science,2015,10.1000/dgm.0177
PUB0178,Genomic Study 178,Cell,2016,10.1000/dgm.0178
PUB0179,Genomic Study 179,Lancet,2017,10.1000/dgm.0179
PUB0180,Genomic Study 180,NEJM,2018,10.1000/dgm.0180
PUB0181,Genomic Study 181,Nature,2019,10.1000/dgm.0181
PUB0182,Genomic Study 182,Science,2020,10.1000/dgm.0182
PUB0183,Genomic Study 183,Cell,2021,10.1000/dgm.0183
PUB0184,Genomic Study 184,Lancet,2022,10.1000/dgm.0184
PUB0185,Genomic Study 185,NEJM,2023,10.1000/dgm.0185
PUB0186,Genomic Study 186,Nature,2024,10.1000/dgm.0186
PUB0187,Genomic Study 187,Science,2025,10.1000/dgm.0187
PUB0188,Genomic Study 188,Cell,2015,10.1000/dgm.0188
PUB0189,Genomic Study 189,Lancet,2016,10.1000/dgm.0189
PUB0190,Genomic Study 190,NEJM,2017,10.1000/dgm.0190
PUB0191,Genomic Study 191,Nature,2018,10.1000/dgm.0191
PUB0192,Genomic Study 192,Science,2019,10.1000/dgm.0192
PUB0193,Genomic Study 193,Cell,2020,10.1000/dgm.0193
PUB0194,Genomic Study 194,Lancet,2021,10.1000/dgm.0194
PUB0195,Genomic Study 195,NEJM,2022,10.1000/dgm.0195
PUB0196,Genomic Study 196,Nature,2023,10.1000/dgm.0196
PUB0197,Genomic Study 197,Science,2024,10.1000/dgm.0197
PUB0198,Genomic Study 198,Cell,2025,10.1000/dgm.0198
PUB0199,Genomic Study 199,Lancet,2015,10.1000/dgm.0199
PUB0200,Genomic Study 200,NEJM,2016,10.1000/dgm.0200
PUB0201,Genomic Study 201,Nature,2017,10.1000/dgm.0201
PUB0202,Genomic Study 202,Science,2018,10.1000/dgm.0202
PUB0203,Genomic Study 203,Cell,2019,10.1000/dgm.0203
PUB0204,Genomic Study 204,Lancet,2020,10.1000/dgm.0204
PUB0205,Genomic Study 205,NEJM,2021,10.1000/dgm.0205
PUB0206,Genomic Study 206,Nature,2022,10.1000/dgm.0206
PUB0207,Genomic Study 207,Science,2023,10.1000/dgm.0207
PUB0208,Genomic Study 208,Cell,2024,10.1000/dgm.0208
PUB0209,Genomic Study 209,Lancet,2025,10.1000/dgm.0209
PUB0210,Genomic Study 210,NEJM,2015,10.1000/dgm.0210
PUB0211,Genomic Study 211,Nature,2016,10.1000/dgm.0211
PUB0212,Genomic Study 212,Science,2017,10.1000/dgm.0212
PUB0213,Genomic Study 213,Cell,2018,10.1000/dgm.0213
PUB0214,Genomic Study 214,Lancet,2019,10.1000/dgm.0214
PUB0215,Genomic Study 215,NEJM,2020,10.1000/dgm.0215
PUB0216,Genomic Study 216,Nature,2021,10.1000/dgm.0216
PUB0217,Genomic Study 217,Science,2022,10.1000/dgm.0217
PUB0218,Genomic Study 218,Cell,2023,10.1000/dgm.0218
PUB0219,Genomic Study 219,Lancet,2024,10.1000/dgm.0219
PUB0220,Genomic Study 220,NEJM,2025,10.1000/dgm.0220
PUB0221,Genomic Study 221,Nature,2015,10.1000/dgm.0221
PUB0222,Genomic Study 222,Science,2016,10.1000/dgm.0222
PUB0223,Genomic Study 223,Cell,2017,10.1000/dgm.0223
PUB0224,Genomic Study 224,Lancet,2018,10.1000/dgm.0224
PUB0225,Genomic Study 225,NEJM,2019,10.1000/dgm.0225
PUB0226,Genomic Study 226,Nature,2020,10.1000/dgm.0226
PUB0227,Genomic Study 227,Science,2021,10.1000/dgm.0227
PUB0228,Genomic Study 228,Cell,2022,10.1000/dgm.0228
PUB0229,Genomic Study 229,Lancet,2023,10.1000/dgm.0229
PUB0230,Genomic Study 230,NEJM,2024,10.1000/dgm.0230
PUB0231,Genomic Study 231,Nature,2025,10.1000/dgm.0231
PUB0232,Genomic Study 232,Science,2015,10.1000/dgm.0232
PUB0233,Genomic Study 233,Cell,2016,10.1000/dgm.0233
PUB0234,Genomic Study 234,Lancet,2017,10.1000/dgm.0234
PUB0235,Genomic Study 235,NEJM,2018,10.1000/dgm.0235
PUB0236,Genomic Study 236,Nature,2019,10.1000/dgm.0236
PUB0237,Genomic Study 237,Science,2020,10.1000/dgm.0237
PUB0238,Genomic Study 238,Cell,2021,10.1000/dgm.0238
PUB0239,Genomic Study 239,Lancet,2022,10.1000/dgm.0239
PUB0240,Genomic Study 240,NEJM,2023,10.1000/dgm.0240
PUB0241,Genomic Study 241,Nature,2024,10.1000/dgm.0241
PUB0242,Genomic Study 242,Science,2025,10.1000/dgm.0242
PUB0243,Genomic Study 243,Cell,2015,10.1000/dgm.0243
PUB0244,Genomic Study 244,Lancet,2016,10.1000/dgm.0244
PUB0245,Genomic Study 245,NEJM,2017,10.1000/dgm.0245
PUB0246,Genomic Study 246,Nature,2018,10.1000/dgm.0246
PUB0247,Genomic Study 247,Science,2019,10.1000/dgm.0247
PUB0248,Genomic Study 248,Cell,2020,10.1000/dgm.0248
PUB0249,Genomic Study 249,Lancet,2021,10.1000/dgm.0249
PUB0250,Genomic Study 250,NEJM,2022,10.1000/dgm.0250
PUB0251,Genomic Study 251,Nature,2023,10.1000/dgm.0251
PUB0252,Genomic Study 252,Science,2024,10.1000/dgm.0252
PUB0253,Genomic Study 253,Cell,2025,10.1000/dgm.0253
PUB0254,Genomic Study 254,Lancet,2015,10.1000/dgm.0254
PUB0255,Genomic Study 255,NEJM,2016,10.1000/dgm.0255
PUB0256,Genomic Study 256,Nature,2017,10.1000/dgm.0256
PUB0257,Genomic Study 257,Science,2018,10.1000/dgm.0257
PUB0258,Genomic Study 258,Cell,2019,10.1000/dgm.0258
PUB0259,Genomic Study 259,Lancet,2020,10.1000/dgm.0259
PUB0260,Genomic Study 260,NEJM,2021,10.1000/dgm.0260
PUB0261,Genomic Study 261,Nature,2022,10.1000/dgm.0261
PUB0262,Genomic Study 262,Science,2023,10.1000/dgm.0262
PUB0263,Genomic Study 263,Cell,2024,10.1000/dgm.0263
PUB0264,Genomic Study 264,Lancet,2025,10.1000/dgm.0264
PUB0265,Genomic Study 265,NEJM,2015,10.1000/dgm.0265
PUB0266,Genomic Study 266,Nature,2016,10.1000/dgm.0266
PUB0267,Genomic Study 267,Science,2017,10.1000/dgm.0267
PUB0268,Genomic Study 268,Cell,2018,10.1000/dgm.0268
PUB0269,Genomic Study 269,Lancet,2019,10.1000/dgm.0269
PUB0270,Genomic Study 270,NEJM,2020,10.1000/dgm.0270
PUB0271,Genomic Study 271,Nature,2021,10.1000/dgm.0271
PUB0272,Genomic Study 272,Science,2022,10.1000/dgm.0272
PUB0273,Genomic Study 273,Cell,2023,10.1000/dgm.0273
PUB0274,Genomic Study 274,Lancet,2024,10.1000/dgm.0274
PUB0275,Genomic Study 275,NEJM,2025,10.1000/dgm.0275
PUB0276,Genomic Study 276,Nature,2015,10.1000/dgm.0276
PUB0277,Genomic Study 277,Science,2016,10.1000/dgm.0277
PUB0278,Genomic Study 278,Cell,2017,10.1000/dgm.0278
PUB0279,Genomic Study 279,Lancet,2018,10.1000/dgm.0279
PUB0280,Genomic Study 280,NEJM,2019,10.1000/dgm.0280
PUB0281,Genomic Study 281,Nature,2020,10.1000/dgm.0281
PUB0282,Genomic Study 282,Science,2021,10.1000/dgm.0282
PUB0283,Genomic Study 283,Cell,2022,10.1000/dgm.0283
PUB0284,Genomic Study 284,Lancet,2023,10.1000/dgm.0284
PUB0285,Genomic Study 285,NEJM,2024,10.1000/dgm.0285
PUB0286,Genomic Study 286,Nature,2025,10.1000/dgm.0286
PUB0287,Genomic Study 287,Science,2015,10.1000/dgm.0287
PUB0288,Genomic Study 288,Cell,2016,10.1000/dgm.0288
PUB0289,Genomic Study 289,Lancet,2017,10.1000/dgm.0289
PUB0290,Genomic Study 290,NEJM,2018,10.1000/dgm.0290
PUB0291,Genomic Study 291,Nature,2019,10.1000/dgm.0291
PUB0292,Genomic Study 292,Science,2020,10.1000/dgm.0292
PUB0293,Genomic Study 293,Cell,2021,10.1000/dgm.0293
PUB0294,Genomic Study 294,Lancet,2022,10.1000/dgm.0294
PUB0295,Genomic Study 295,NEJM,2023,10.1000/dgm.0295
PUB0296,Genomic Study 296,Nature,2024,10.1000/dgm.0296
PUB0297,Genomic Study 297,Science,2025,10.1000/dgm.0297
PUB0298,Genomic Study 298,Cell,2015,10.1000/dgm.0298
PUB0299,Genomic Study 299,Lancet,2016,10.1000/dgm.0299
PUB0300,Genomic Study 300,NEJM,2017,10.1000/dgm.0300
PUB0301,Genomic Study 301,Nature,2018,10.1000/dgm.0301
PUB0302,Genomic Study 302,Science,2019,10.1000/dgm.0302
PUB0303,Genomic Study 303,Cell,2020,10.1000/dgm.0303
PUB0304,Genomic Study 304,Lancet,2021,10.1000/dgm.0304
PUB0305,Genomic Study 305,NEJM,2022,10.1000/dgm.0305
PUB0306,Genomic Study 306,Nature,2023,10.1000/dgm.0306
PUB0307,Genomic Study 307,Science,2024,10.1000/dgm.0307
PUB0308,Genomic Study 308,Cell,2025,10.1000/dgm.0308
PUB0309,Genomic Study 309,Lancet,2015,10.1000/dgm.0309
PUB0310,Genomic Study 310,NEJM,2016,10.1000/dgm.0310
PUB0311,Genomic Study 311,Nature,2017,10.1000/dgm.0311
PUB0312,Genomic Study 312,Science,2018,10.1000/dgm.0312
PUB0313,Genomic Study 313,Cell,2019,10.1000/dgm.0313
PUB0314,Genomic Study 314,Lancet,2020,10.1000/dgm.0314
PUB0315,Genomic Study 315,NEJM,2021,10.1000/dgm.0315
PUB0316,Genomic Study 316,Nature,2022,10.1000/dgm.0316
PUB0317,Genomic Study 317,Science,2023,10.1000/dgm.0317
PUB0318,Genomic Study 318,Cell,2024,10.1000/dgm.0318
PUB0319,Genomic Study 319,Lancet,2025,10.1000/dgm.0319
PUB0320,Genomic Study 320,NEJM,2015,10.1000/dgm.0320
PUB0321,Genomic Study 321,Nature,2016,10.1000/dgm.0321
PUB0322,Genomic Study 322,Science,2017,10.1000/dgm.0322
PUB0323,Genomic Study 323,Cell,2018,10.1000/dgm.0323
PUB0324,Genomic Study 324,Lancet,2019,10.1000/dgm.0324
PUB0325,Genomic Study 325,NEJM,2020,10.1000/dgm.0325
PUB0326,Genomic Study 326,Nature,2021,10.1000/dgm.0326
PUB0327,Genomic Study 327,Science,2022,10.1000/dgm.0327
PUB0328,Genomic Study 328,Cell,2023,10.1000/dgm.0328
PUB0329,Genomic Study 329,Lancet,2024,10.1000/dgm.0329
PUB0330,Genomic Study 330,NEJM,2025,10.1000/dgm.0330
PUB0331,Genomic Study 331,Nature,2015,10.1000/dgm.0331
PUB0332,Genomic Study 332,Science,2016,10.1000/dgm.0332
PUB0333,Genomic Study 333,Cell,2017,10.1000/dgm.0333
PUB0334,Genomic Study 334,Lancet,2018,10.1000/dgm.0334
PUB0335,Genomic Study 335,NEJM,2019,10.1000/dgm.0335
PUB0336,Genomic Study 336,Nature,2020,10.1000/dgm.0336
PUB0337,Genomic Study 337,Science,2021,10.1000/dgm.0337
PUB0338,Genomic Study 338,Cell,2022,10.1000/dgm.0338
PUB0339,Genomic Study 339,Lancet,2023,10.1000/dgm.0339
PUB0340,Genomic Study 340,NEJM,2024,10.1000/dgm.0340
PUB0341,Genomic Study 341,Nature,2025,10.1000/dgm.0341
PUB0342,Genomic Study 342,Science,2015,10.1000/dgm.0342
PUB0343,Genomic Study 343,Cell,2016,10.1000/dgm.0343
PUB0344,Genomic Study 344,Lancet,2017,10.1000/dgm.0344
PUB0345,Genomic Study 345,NEJM,2018,10.1000/dgm.0345
PUB0346,Genomic Study 346,Nature,2019,10.1000/dgm.0346
PUB0347,Genomic Study 347,Science,2020,10.1000/dgm.0347
PUB0348,Genomic Study 348,Cell,2021,10.1000/dgm.0348
PUB0349,Genomic Study 349,Lancet,2022,10.1000/dgm.0349
PUB0350,Genomic Study 350,NEJM,2023,10.1000/dgm.0350
PUB0351,Genomic Study 351,Nature,2024,10.1000/dgm.0351
PUB0352,Genomic Study 352,Science,2025,10.1000/dgm.0352
PUB0353,Genomic Study 353,Cell,2015,10.1000/dgm.0353
PUB0354,Genomic Study 354,Lancet,2016,10.1000/dgm.0354
PUB0355,Genomic Study 355,NEJM,2017,10.1000/dgm.0355
PUB0356,Genomic Study 356,Nature,2018,10.1000/dgm.0356
PUB0357,Genomic Study 357,Science,2019,10.1000/dgm.0357
PUB0358,Genomic Study 358,Cell,2020,10.1000/dgm.0358
PUB0359,Genomic Study 359,Lancet,2021,10.1000/dgm.0359
PUB0360,Genomic Study 360,NEJM,2022,10.1000/dgm.0360
PUB0361,Genomic Study 361,Nature,2023,10.1000/dgm.0361
PUB0362,Genomic Study 362,Science,2024,10.1000/dgm.0362
PUB0363,Genomic Study 363,Cell,2025,10.1000/dgm.0363
PUB0364,Genomic Study 364,Lancet,2015,10.1000/dgm.0364
PUB0365,Genomic Study 365,NEJM,2016,10.1000/dgm.0365
PUB0366,Genomic Study 366,Nature,2017,10.1000/dgm.0366
PUB0367,Genomic Study 367,Science,2018,10.1000/dgm.0367
PUB0368,Genomic Study 368,Cell,2019,10.1000/dgm.0368
PUB0369,Genomic Study 369,Lancet,2020,10.1000/dgm.0369
PUB0370,Genomic Study 370,NEJM,2021,10.1000/dgm.0370
PUB0371,Genomic Study 371,Nature,2022,10.1000/dgm.0371
PUB0372,Genomic Study 372,Science,2023,10.1000/dgm.0372
PUB0373,Genomic Study 373,Cell,2024,10.1000/dgm.0373
PUB0374,Genomic Study 374,Lancet,2025,10.1000/dgm.0374
PUB0375,Genomic Study 375,NEJM,2015,10.1000/dgm.0375
PUB0376,Genomic Study 376,Nature,2016,10.1000/dgm.0376
PUB0377,Genomic Study 377,Science,2017,10.1000/dgm.0377
PUB0378,Genomic Study 378,Cell,2018,10.1000/dgm.0378
PUB0379,Genomic Study 379,Lancet,2019,10.1000/dgm.0379
PUB0380,Genomic Study 380,NEJM,2020,10.1000/dgm.0380
PUB0381,Genomic Study 381,Nature,2021,10.1000/dgm.0381
PUB0382,Genomic Study 382,Science,2022,10.1000/dgm.0382
PUB0383,Genomic Study 383,Cell,2023,10.1000/dgm.0383
PUB0384,Genomic Study 384,Lancet,2024,10.1000/dgm.0384
PUB0385,Genomic Study 385,NEJM,2025,10.1000/dgm.0385
PUB0386,Genomic Study 386,Nature,2015,10.1000/dgm.0386
PUB0387,Genomic Study 387,Science,2016,10.1000/dgm.0387
PUB0388,Genomic Study 388,Cell,2017,10.1000/dgm.0388
PUB0389,Genomic Study 389,Lancet,2018,10.1000/dgm.0389
PUB0390,Genomic Study 390,NEJM,2019,10.1000/dgm.0390
PUB0391,Genomic Study 391,Nature,2020,10.1000/dgm.0391
PUB0392,Genomic Study 392,Science,2021,10.1000/dgm.0392
PUB0393,Genomic Study 393,Cell,2022,10.1000/dgm.0393
PUB0394,Genomic Study 394,Lancet,2023,10.1000/dgm.0394
PUB0395,Genomic Study 395,NEJM,2024,10.1000/dgm.0395
PUB0396,Genomic Study 396,Nature,2025,10.1000/dgm.0396
PUB0397,Genomic Study 397,Science,2015,10.1000/dgm.0397
PUB0398,Genomic Study 398,Cell,2016,10.1000/dgm.0398
PUB0399,Genomic Study 399,Lancet,2017,10.1000/dgm.0399
PUB0400,Genomic Study 400,NEJM,2018,10.1000/dgm.0400
PUB0401,Genomic Study 401,Nature,2019,10.1000/dgm.0401
PUB0402,Genomic Study 402,Science,2020,10.1000/dgm.0402
PUB0403,Genomic Study 403,Cell,2021,10.1000/dgm.0403
PUB0404,Genomic Study 404,Lancet,2022,10.1000/dgm.0404
PUB0405,Genomic Study 405,NEJM,2023,10.1000/dgm.0405
PUB0406,Genomic Study 406,Nature,2024,10.1000/dgm.0406
PUB0407,Genomic Study 407,Science,2025,10.1000/dgm.0407
PUB0408,Genomic Study 408,Cell,2015,10.1000/dgm.0408
PUB0409,Genomic Study 409,Lancet,2016,10.1000/dgm.0409
PUB0410,Genomic Study 410,NEJM,2017,10.1000/dgm.0410
PUB0411,Genomic Study 411,Nature,2018,10.1000/dgm.0411
PUB0412,Genomic Study 412,Science,2019,10.1000/dgm.0412
PUB0413,Genomic Study 413,Cell,2020,10.1000/dgm.0413
PUB0414,Genomic Study 414,Lancet,2021,10.1000/dgm.0414
PUB0415,Genomic Study 415,NEJM,2022,10.1000/dgm.0415
PUB0416,Genomic Study 416,Nature,2023,10.1000/dgm.0416
PUB0417,Genomic Study 417,Science,2024,10.1000/dgm.0417
PUB0418,Genomic Study 418,Cell,2025,10.1000/dgm.0418
PUB0419,Genomic Study 419,Lancet,2015,10.1000/dgm.0419
PUB0420,Genomic Study 420,NEJM,2016,10.1000/dgm.0420
PUB0421,Genomic Study 421,Nature,2017,10.1000/dgm.0421
PUB0422,Genomic Study 422,Science,2018,10.1000/dgm.0422
PUB0423,Genomic Study 423,Cell,2019,10.1000/dgm.0423
PUB0424,Genomic Study 424,Lancet,2020,10.1000/dgm.0424
PUB0425,Genomic Study 425,NEJM,2021,10.1000/dgm.0425
PUB0426,Genomic Study 426,Nature,2022,10.1000/dgm.0426
PUB0427,Genomic Study 427,Science,2023,10.1000/dgm.0427
PUB0428,Genomic Study 428,Cell,2024,10.1000/dgm.0428
PUB0429,Genomic Study 429,Lancet,2025,10.1000/dgm.0429
PUB0430,Genomic Study 430,NEJM,2015,10.1000/dgm.0430
PUB0431,Genomic Study 431,Nature,2016,10.1000/dgm.0431
PUB0432,Genomic Study 432,Science,2017,10.1000/dgm.0432
PUB0433,Genomic Study 433,Cell,2018,10.1000/dgm.0433
PUB0434,Genomic Study 434,Lancet,2019,10.1000/dgm.0434
PUB0435,Genomic Study 435,NEJM,2020,10.1000/dgm.0435
PUB0436,Genomic Study 436,Nature,2021,10.1000/dgm.0436
PUB0437,Genomic Study 437,Science,2022,10.1000/dgm.0437
PUB0438,Genomic Study 438,Cell,2023,10.1000/dgm.0438
PUB0439,Genomic Study 439,Lancet,2024,10.1000/dgm.0439
PUB0440,Genomic Study 440,NEJM,2025,10.1000/dgm.0440
PUB0441,Genomic Study 441,Nature,2015,10.1000/dgm.0441
PUB0442,Genomic Study 442,Science,2016,10.1000/dgm.0442
PUB0443,Genomic Study 443,Cell,2017,10.1000/dgm.0443
PUB0444,Genomic Study 444,Lancet,2018,10.1000/dgm.0444
PUB0445,Genomic Study 445,NEJM,2019,10.1000/dgm.0445
PUB0446,Genomic Study 446,Nature,2020,10.1000/dgm.0446
PUB0447,Genomic Study 447,Science,2021,10.1000/dgm.0447
PUB0448,Genomic Study 448,Cell,2022,10.1000/dgm.0448
PUB0449,Genomic Study 449,Lancet,2023,10.1000/dgm.0449
PUB0450,Genomic Study 450,NEJM,2024,10.1000/dgm.0450
PUB0451,Genomic Study 451,Nature,2025,10.1000/dgm.0451
PUB0452,Genomic Study 452,Science,2015,10.1000/dgm.0452
PUB0453,Genomic Study 453,Cell,2016,10.1000/dgm.0453
PUB0454,Genomic Study 454,Lancet,2017,10.1000/dgm.0454
PUB0455,Genomic Study 455,NEJM,2018,10.1000/dgm.0455
PUB0456,Genomic Study 456,Nature,2019,10.1000/dgm.0456
PUB0457,Genomic Study 457,Science,2020,10.1000/dgm.0457
PUB0458,Genomic Study 458,Cell,2021,10.1000/dgm.0458
PUB0459,Genomic Study 459,Lancet,2022,10.1000/dgm.0459
PUB0460,Genomic Study 460,NEJM,2023,10.1000/dgm.0460
PUB0461,Genomic Study 461,Nature,2024,10.1000/dgm.0461
PUB0462,Genomic Study 462,Science,2025,10.1000/dgm.0462
PUB0463,Genomic Study 463,Cell,2015,10.1000/dgm.0463
PUB0464,Genomic Study 464,Lancet,2016,10.1000/dgm.0464
PUB0465,Genomic Study 465,NEJM,2017,10.1000/dgm.0465
PUB0466,Genomic Study 466,Nature,2018,10.1000/dgm.0466
PUB0467,Genomic Study 467,Science,2019,10.1000/dgm.0467
PUB0468,Genomic Study 468,Cell,2020,10.1000/dgm.0468
PUB0469,Genomic Study 469,Lancet,2021,10.1000/dgm.0469
PUB0470,Genomic Study 470,NEJM,2022,10.1000/dgm.0470
PUB0471,Genomic Study 471,Nature,2023,10.1000/dgm.0471
PUB0472,Genomic Study 472,Science,2024,10.1000/dgm.0472
PUB0473,Genomic Study 473,Cell,2025,10.1000/dgm.0473
PUB0474,Genomic Study 474,Lancet,2015,10.1000/dgm.0474
PUB0475,Genomic Study 475,NEJM,2016,10.1000/dgm.0475
PUB0476,Genomic Study 476,Nature,2017,10.1000/dgm.0476
PUB0477,Genomic Study 477,Science,2018,10.1000/dgm.0477
PUB0478,Genomic Study 478,Cell,2019,10.1000/dgm.0478
PUB0479,Genomic Study 479,Lancet,2020,10.1000/dgm.0479
PUB0480,Genomic Study 480,NEJM,2021,10.1000/dgm.0480
PUB0481,Genomic Study 481,Nature,2022,10.1000/dgm.0481
PUB0482,Genomic Study 482,Science,2023,10.1000/dgm.0482
PUB0483,Genomic Study 483,Cell,2024,10.1000/dgm.0483
PUB0484,Genomic Study 484,Lancet,2025,10.1000/dgm.0484
PUB0485,Genomic Study 485,NEJM,2015,10.1000/dgm.0485
PUB0486,Genomic Study 486,Nature,2016,10.1000/dgm.0486
PUB0487,Genomic Study 487,Science,2017,10.1000/dgm.0487
PUB0488,Genomic Study 488,Cell,2018,10.1000/dgm.0488
PUB0489,Genomic Study 489,Lancet,2019,10.1000/dgm.0489
PUB0490,Genomic Study 490,NEJM,2020,10.1000/dgm.0490
PUB0491,Genomic Study 491,Nature,2021,10.1000/dgm.0491
PUB0492,Genomic Study 492,Science,2022,10.1000/dgm.0492
PUB0493,Genomic Study 493,Cell,2023,10.1000/dgm.0493
PUB0494,Genomic Study 494,Lancet,2024,10.1000/dgm.0494
PUB0495,Genomic Study 495,NEJM,2025,10.1000/dgm.0495
PUB0496,Genomic Study 496,Nature,2015,10.1000/dgm.0496
PUB0497,Genomic Study 497,Science,2016,10.1000/dgm.0497
PUB0498,Genomic Study 498,Cell,2017,10.1000/dgm.0498
PUB0499,Genomic Study 499,Lancet,2018,10.1000/dgm.0499
PUB0500,Genomic Study 500,NEJM,2019,10.1000/dgm.0500
PUB0501,Genomic Study 501,Nature,2020,10.1000/dgm.0501
PUB0502,Genomic Study 502,Science,2021,10.1000/dgm.0502
PUB0503,Genomic Study 503,Cell,2022,10.1000/dgm.0503
PUB0504,Genomic Study 504,Lancet,2023,10.1000/dgm.0504
PUB0505,Genomic Study 505,NEJM,2024,10.1000/dgm.0505
PUB0506,Genomic Study 506,Nature,2025,10.1000/dgm.0506
PUB0507,Genomic Study 507,Science,2015,10.1000/dgm.0507
PUB0508,Genomic Study 508,Cell,2016,10.1000/dgm.0508
PUB0509,Genomic Study 509,Lancet,2017,10.1000/dgm.0509
PUB0510,Genomic Study 510,NEJM,2018,10.1000/dgm.0510
PUB0511,Genomic Study 511,Nature,2019,10.1000/dgm.0511
PUB0512,Genomic Study 512,Science,2020,10.1000/dgm.0512
PUB0513,Genomic Study 513,Cell,2021,10.1000/dgm.0513
PUB0514,Genomic Study 514,Lancet,2022,10.1000/dgm.0514
PUB0515,Genomic Study 515,NEJM,2023,10.1000/dgm.0515
PUB0516,Genomic Study 516,Nature,2024,10.1000/dgm.0516
PUB0517,Genomic Study 517,Science,2025,10.1000/dgm.0517
PUB0518,Genomic Study 518,Cell,2015,10.1000/dgm.0518
PUB0519,Genomic Study 519,Lancet,2016,10.1000/dgm.0519
PUB0520,Genomic Study 520,NEJM,2017,10.1000/dgm.0520
PUB0521,Genomic Study 521,Nature,2018,10.1000/dgm.0521
PUB0522,Genomic Study 522,Science,2019,10.1000/dgm.0522
PUB0523,Genomic Study 523,Cell,2020,10.1000/dgm.0523
PUB0524,Genomic Study 524,Lancet,2021,10.1000/dgm.0524
PUB0525,Genomic Study 525,NEJM,2022,10.1000/dgm.0525
PUB0526,Genomic Study 526,Nature,2023,10.1000/dgm.0526
PUB0527,Genomic Study 527,Science,2024,10.1000/dgm.0527
PUB0528,Genomic Study 528,Cell,2025,10.1000/dgm.0528
PUB0529,Genomic Study 529,Lancet,2015,10.1000/dgm.0529
PUB0530,Genomic Study 530,NEJM,2016,10.1000/dgm.0530
PUB0531,Genomic Study 531,Nature,2017,10.1000/dgm.0531
PUB0532,Genomic Study 532,Science,2018,10.1000/dgm.0532
PUB0533,Genomic Study 533,Cell,2019,10.1000/dgm.0533
PUB0534,Genomic Study 534,Lancet,2020,10.1000/dgm.0534
PUB0535,Genomic Study 535,NEJM,2021,10.1000/dgm.0535
PUB0536,Genomic Study 536,Nature,2022,10.1000/dgm.0536
PUB0537,Genomic Study 537,Science,2023,10.1000/dgm.0537
PUB0538,Genomic Study 538,Cell,2024,10.1000/dgm.0538
PUB0539,Genomic Study 539,Lancet,2025,10.1000/dgm.0539
PUB0540,Genomic Study 540,NEJM,2015,10.1000/dgm.0540
PUB0541,Genomic Study 541,Nature,2016,10.1000/dgm.0541
PUB0542,Genomic Study 542,Science,2017,10.1000/dgm.0542
PUB0543,Genomic Study 543,Cell,2018,10.1000/dgm.0543
PUB0544,Genomic Study 544,Lancet,2019,10.1000/dgm.0544
PUB0545,Genomic Study 545,NEJM,2020,10.1000/dgm.0545
PUB0546,Genomic Study 546,Nature,2021,10.1000/dgm.0546
PUB0547,Genomic Study 547,Science,2022,10.1000/dgm.0547
PUB0548,Genomic Study 548,Cell,2023,10.1000/dgm.0548
PUB0549,Genomic Study 549,Lancet,2024,10.1000/dgm.0549
PUB0550,Genomic Study 550,NEJM,2025,10.1000/dgm.0550
PUB0551,Genomic Study 551,Nature,2015,10.1000/dgm.0551
PUB0552,Genomic Study 552,Science,2016,10.1000/dgm.0552
PUB0553,Genomic Study 553,Cell,2017,10.1000/dgm.0553
PUB0554,Genomic Study 554,Lancet,2018,10.1000/dgm.0554
PUB0555,Genomic Study 555,NEJM,2019,10.1000/dgm.0555
PUB0556,Genomic Study 556,Nature,2020,10.1000/dgm.0556
PUB0557,Genomic Study 557,Science,2021,10.1000/dgm.0557
PUB0558,Genomic Study 558,Cell,2022,10.1000/dgm.0558
PUB0559,Genomic Study 559,Lancet,2023,10.1000/dgm.0559
PUB0560,Genomic Study 560,NEJM,2024,10.1000/dgm.0560
PUB0561,Genomic Study 561,Nature,2025,10.1000/dgm.0561
PUB0562,Genomic Study 562,Science,2015,10.1000/dgm.0562
PUB0563,Genomic Study 563,Cell,2016,10.1000/dgm.0563
PUB0564,Genomic Study 564,Lancet,2017,10.1000/dgm.0564
PUB0565,Genomic Study 565,NEJM,2018,10.1000/dgm.0565
PUB0566,Genomic Study 566,Nature,2019,10.1000/dgm.0566
PUB0567,Genomic Study 567,Science,2020,10.1000/dgm.0567
PUB0568,Genomic Study 568,Cell,2021,10.1000/dgm.0568
PUB0569,Genomic Study 569,Lancet,2022,10.1000/dgm.0569
PUB0570,Genomic Study 570,NEJM,2023,10.1000/dgm.0570
PUB0571,Genomic Study 571,Nature,2024,10.1000/dgm.0571
PUB0572,Genomic Study 572,Science,2025,10.1000/dgm.0572
PUB0573,Genomic Study 573,Cell,2015,10.1000/dgm.0573
PUB0574,Genomic Study 574,Lancet,2016,10.1000/dgm.0574
PUB0575,Genomic Study 575,NEJM,2017,10.1000/dgm.0575
PUB0576,Genomic Study 576,Nature,2018,10.1000/dgm.0576
PUB0577,Genomic Study 577,Science,2019,10.1000/dgm.0577
PUB0578,Genomic Study 578,Cell,2020,10.1000/dgm.0578
PUB0579,Genomic Study 579,Lancet,2021,10.1000/dgm.0579
PUB0580,Genomic Study 580,NEJM,2022,10.1000/dgm.0580
PUB0581,Genomic Study 581,Nature,2023,10.1000/dgm.0581
PUB0582,Genomic Study 582,Science,2024,10.1000/dgm.0582
PUB0583,Genomic Study 583,Cell,2025,10.1000/dgm.0583
PUB0584,Genomic Study 584,Lancet,2015,10.1000/dgm.0584
PUB0585,Genomic Study 585,NEJM,2016,10.1000/dgm.0585
PUB0586,Genomic Study 586,Nature,2017,10.1000/dgm.0586
PUB0587,Genomic Study 587,Science,2018,10.1000/dgm.0587
PUB0588,Genomic Study 588,Cell,2019,10.1000/dgm.0588
PUB0589,Genomic Study 589,Lancet,2020,10.1000/dgm.0589
PUB0590,Genomic Study 590,NEJM,2021,10.1000/dgm.0590
PUB0591,Genomic Study 591,Nature,2022,10.1000/dgm.0591
PUB0592,Genomic Study 592,Science,2023,10.1000/dgm.0592
PUB0593,Genomic Study 593,Cell,2024,10.1000/dgm.0593
PUB0594,Genomic Study 594,Lancet,2025,10.1000/dgm.0594
PUB0595,Genomic Study 595,NEJM,2015,10.1000/dgm.0595
PUB0596,Genomic Study 596,Nature,2016,10.1000/dgm.0596
PUB0597,Genomic Study 597,Science,2017,10.1000/dgm.0597
PUB0598,Genomic Study 598,Cell,2018,10.1000/dgm.0598
PUB0599,Genomic Study 599,Lancet,2019,10.1000/dgm.0599
PUB0600,Genomic Study 600,NEJM,2020,10.1000/dgm.0600
PUB0601,Genomic Study 601,Nature,2021,10.1000/dgm.0601
PUB0602,Genomic Study 602,Science,2022,10.1000/dgm.0602
PUB0603,Genomic Study 603,Cell,2023,10.1000/dgm.0603
PUB0604,Genomic Study 604,Lancet,2024,10.1000/dgm.0604
PUB0605,Genomic Study 605,NEJM,2025,10.1000/dgm.0605
PUB0606,Genomic Study 606,Nature,2015,10.1000/dgm.0606
PUB0607,Genomic Study 607,Science,2016,10.1000/dgm.0607
PUB0608,Genomic Study 608,Cell,2017,10.1000/dgm.0608
PUB0609,Genomic Study 609,Lancet,2018,10.1000/dgm.0609
PUB0610,Genomic Study 610,NEJM,2019,10.1000/dgm.0610
PUB0611,Genomic Study 611,Nature,2020,10.1000/dgm.0611
PUB0612,Genomic Study 612,Science,2021,10.1000/dgm.0612
PUB0613,Genomic Study 613,Cell,2022,10.1000/dgm.0613
PUB0614,Genomic Study 614,Lancet,2023,10.1000/dgm.0614
PUB0615,Genomic Study 615,NEJM,2024,10.1000/dgm.0615
PUB0616,Genomic Study 616,Nature,2025,10.1000/dgm.0616
PUB0617,Genomic Study 617,Science,2015,10.1000/dgm.0617
PUB0618,Genomic Study 618,Cell,2016,10.1000/dgm.0618
PUB0619,Genomic Study 619,Lancet,2017,10.1000/dgm.0619
PUB0620,Genomic Study 620,NEJM,2018,10.1000/dgm.0620
PUB0621,Genomic Study 621,Nature,2019,10.1000/dgm.0621
PUB0622,Genomic Study 622,Science,2020,10.1000/dgm.0622
PUB0623,Genomic Study 623,Cell,2021,10.1000/dgm.0623
PUB0624,Genomic Study 624,Lancet,2022,10.1000/dgm.0624
PUB0625,Genomic Study 625,NEJM,2023,10.1000/dgm.0625
PUB0626,Genomic Study 626,Nature,2024,10.1000/dgm.0626
PUB0627,Genomic Study 627,Science,2025,10.1000/dgm.0627
PUB0628,Genomic Study 628,Cell,2015,10.1000/dgm.0628
PUB0629,Genomic Study 629,Lancet,2016,10.1000/dgm.0629
PUB0630,Genomic Study 630,NEJM,2017,10.1000/dgm.0630
PUB0631,Genomic Study 631,Nature,2018,10.1000/dgm.0631
PUB0632,Genomic Study 632,Science,2019,10.1000/dgm.0632
PUB0633,Genomic Study 633,Cell,2020,10.1000/dgm.0633
PUB0634,Genomic Study 634,Lancet,2021,10.1000/dgm.0634
PUB0635,Genomic Study 635,NEJM,2022,10.1000/dgm.0635
PUB0636,Genomic Study 636,Nature,2023,10.1000/dgm.0636
PUB0637,Genomic Study 637,Science,2024,10.1000/dgm.0637
PUB0638,Genomic Study 638,Cell,2025,10.1000/dgm.0638
PUB0639,Genomic Study 639,Lancet,2015,10.1000/dgm.0639
PUB0640,Genomic Study 640,NEJM,2016,10.1000/dgm.0640
PUB0641,Genomic Study 641,Nature,2017,10.1000/dgm.0641
PUB0642,Genomic Study 642,Science,2018,10.1000/dgm.0642
PUB0643,Genomic Study 643,Cell,2019,10.1000/dgm.0643
PUB0644,Genomic Study 644,Lancet,2020,10.1000/dgm.0644
PUB0645,Genomic Study 645,NEJM,2021,10.1000/dgm.0645
PUB0646,Genomic Study 646,Nature,2022,10.1000/dgm.0646
PUB0647,Genomic Study 647,Science,2023,10.1000/dgm.0647
PUB0648,Genomic Study 648,Cell,2024,10.1000/dgm.0648
PUB0649,Genomic Study 649,Lancet,2025,10.1000/dgm.0649
PUB0650,Genomic Study 650,NEJM,2015,10.1000/dgm.0650
PUB0651,Genomic Study 651,Nature,2016,10.1000/dgm.0651
PUB0652,Genomic Study 652,Science,2017,10.1000/dgm.0652
PUB0653,Genomic Study 653,Cell,2018,10.1000/dgm.0653
PUB0654,Genomic Study 654,Lancet,2019,10.1000/dgm.0654
PUB0655,Genomic Study 655,NEJM,2020,10.1000/dgm.0655
PUB0656,Genomic Study 656,Nature,2021,10.1000/dgm.0656
PUB0657,Genomic Study 657,Science,2022,10.1000/dgm.0657
PUB0658,Genomic Study 658,Cell,2023,10.1000/dgm.0658
PUB0659,Genomic Study 659,Lancet,2024,10.1000/dgm.0659
PUB0660,Genomic Study 660,NEJM,2025,10.1000/dgm.0660
PUB0661,Genomic Study 661,Nature,2015,10.1000/dgm.0661
PUB0662,Genomic Study 662,Science,2016,10.1000/dgm.0662
PUB0663,Genomic Study 663,Cell,2017,10.1000/dgm.0663
PUB0664,Genomic Study 664,Lancet,2018,10.1000/dgm.0664
PUB0665,Genomic Study 665,NEJM,2019,10.1000/dgm.0665
PUB0666,Genomic Study 666,Nature,2020,10.1000/dgm.0666
PUB0667,Genomic Study 667,Science,2021,10.1000/dgm.0667
PUB0668,Genomic Study 668,Cell,2022,10.1000/dgm.0668
PUB0669,Genomic Study 669,Lancet,2023,10.1000/dgm.0669
PUB0670,Genomic Study 670,NEJM,2024,10.1000/dgm.0670
PUB0671,Genomic Study 671,Nature,2025,10.1000/dgm.0671
PUB0672,Genomic Study 672,Science,2015,10.1000/dgm.0672
PUB0673,Genomic Study 673,Cell,2016,10.1000/dgm.0673
PUB0674,Genomic Study 674,Lancet,2017,10.1000/dgm.0674
PUB0675,Genomic Study 675,NEJM,2018,10.1000/dgm.0675
PUB0676,Genomic Study 676,Nature,2019,10.1000/dgm.0676
PUB0677,Genomic Study 677,Science,2020,10.1000/dgm.0677
PUB0678,Genomic Study 678,Cell,2021,10.1000/dgm.0678
PUB0679,Genomic Study 679,Lancet,2022,10.1000/dgm.0679
PUB0680,Genomic Study 680,NEJM,2023,10.1000/dgm.0680
PUB0681,Genomic Study 681,Nature,2024,10.1000/dgm.0681
PUB0682,Genomic Study 682,Science,2025,10.1000/dgm.0682
PUB0683,Genomic Study 683,Cell,2015,10.1000/dgm.0683
PUB0684,Genomic Study 684,Lancet,2016,10.1000/dgm.0684
PUB0685,Genomic Study 685,NEJM,2017,10.1000/dgm.0685
PUB0686,Genomic Study 686,Nature,2018,10.1000/dgm.0686
PUB0687,Genomic Study 687,Science,2019,10.1000/dgm.0687
PUB0688,Genomic Study 688,Cell,2020,10.1000/dgm.0688
PUB0689,Genomic Study 689,Lancet,2021,10.1000/dgm.0689
PUB0690,Genomic Study 690,NEJM,2022,10.1000/dgm.0690
PUB0691,Genomic Study 691,Nature,2023,10.1000/dgm.0691
PUB0692,Genomic Study 692,Science,2024,10.1000/dgm.0692
PUB0693,Genomic Study 693,Cell,2025,10.1000/dgm.0693
PUB0694,Genomic Study 694,Lancet,2015,10.1000/dgm.0694
PUB0695,Genomic Study 695,NEJM,2016,10.1000/dgm.0695
PUB0696,Genomic Study 696,Nature,2017,10.1000/dgm.0696
PUB0697,Genomic Study 697,Science,2018,10.1000/dgm.0697
PUB0698,Genomic Study 698,Cell,2019,10.1000/dgm.0698
PUB0699,Genomic Study 699,Lancet,2020,10.1000/dgm.0699
PUB0700,Genomic Study 700,NEJM,2021,10.1000/dgm.0700
PUB0701,Genomic Study 701,Nature,2022,10.1000/dgm.0701
PUB0702,Genomic Study 702,Science,2023,10.1000/dgm.0702
PUB0703,Genomic Study 703,Cell,2024,10.1000/dgm.0703
PUB0704,Genomic Study 704,Lancet,2025,10.1000/dgm.0704
PUB0705,Genomic Study 705,NEJM,2015,10.1000/dgm.0705
PUB0706,Genomic Study 706,Nature,2016,10.1000/dgm.0706
PUB0707,Genomic Study 707,Science,2017,10.1000/dgm.0707
PUB0708,Genomic Study 708,Cell,2018,10.1000/dgm.0708
PUB0709,Genomic Study 709,Lancet,2019,10.1000/dgm.0709
PUB0710,Genomic Study 710,NEJM,2020,10.1000/dgm.0710
PUB0711,Genomic Study 711,Nature,2021,10.1000/dgm.0711
PUB0712,Genomic Study 712,Science,2022,10.1000/dgm.0712
PUB0713,Genomic Study 713,Cell,2023,10.1000/dgm.0713
PUB0714,Genomic Study 714,Lancet,2024,10.1000/dgm.0714
PUB0715,Genomic Study 715,NEJM,2025,10.1000/dgm.0715
PUB0716,Genomic Study 716,Nature,2015,10.1000/dgm.0716
PUB0717,Genomic Study 717,Science,2016,10.1000/dgm.0717
PUB0718,Genomic Study 718,Cell,2017,10.1000/dgm.0718
PUB0719,Genomic Study 719,Lancet,2018,10.1000/dgm.0719
PUB0720,Genomic Study 720,NEJM,2019,10.1000/dgm.0720
PUB0721,Genomic Study 721,Nature,2020,10.1000/dgm.0721
PUB0722,Genomic Study 722,Science,2021,10.1000/dgm.0722
PUB0723,Genomic Study 723,Cell,2022,10.1000/dgm.0723
PUB0724,Genomic Study 724,Lancet,2023,10.1000/dgm.0724
PUB0725,Genomic Study 725,NEJM,2024,10.1000/dgm.0725
PUB0726,Genomic Study 726,Nature,2025,10.1000/dgm.0726
PUB0727,Genomic Study 727,Science,2015,10.1000/dgm.0727
PUB0728,Genomic Study 728,Cell,2016,10.1000/dgm.0728
PUB0729,Genomic Study 729,Lancet,2017,10.1000/dgm.0729
PUB0730,Genomic Study 730,NEJM,2018,10.1000/dgm.0730
PUB0731,Genomic Study 731,Nature,2019,10.1000/dgm.0731
PUB0732,Genomic Study 732,Science,2020,10.1000/dgm.0732
PUB0733,Genomic Study 733,Cell,2021,10.1000/dgm.0733
PUB0734,Genomic Study 734,Lancet,2022,10.1000/dgm.0734
PUB0735,Genomic Study 735,NEJM,2023,10.1000/dgm.0735
PUB0736,Genomic Study 736,Nature,2024,10.1000/dgm.0736
PUB0737,Genomic Study 737,Science,2025,10.1000/dgm.0737
PUB0738,Genomic Study 738,Cell,2015,10.1000/dgm.0738
PUB0739,Genomic Study 739,Lancet,2016,10.1000/dgm.0739
PUB0740,Genomic Study 740,NEJM,2017,10.1000/dgm.0740
PUB0741,Genomic Study 741,Nature,2018,10.1000/dgm.0741
PUB0742,Genomic Study 742,Science,2019,10.1000/dgm.0742
PUB0743,Genomic Study 743,Cell,2020,10.1000/dgm.0743
PUB0744,Genomic Study 744,Lancet,2021,10.1000/dgm.0744
PUB0745,Genomic Study 745,NEJM,2022,10.1000/dgm.0745
PUB0746,Genomic Study 746,Nature,2023,10.1000/dgm.0746
PUB0747,Genomic Study 747,Science,2024,10.1000/dgm.0747
PUB0748,Genomic Study 748,Cell,2025,10.1000/dgm.0748
PUB0749,Genomic Study 749,Lancet,2015,10.1000/dgm.0749
PUB0750,Genomic Study 750,NEJM,2016,10.1000/dgm.0750
PUB0751,Genomic Study 751,Nature,2017,10.1000/dgm.0751
PUB0752,Genomic Study 752,Science,2018,10.1000/dgm.0752
PUB0753,Genomic Study 753,Cell,2019,10.1000/dgm.0753
PUB0754,Genomic Study 754,Lancet,2020,10.1000/dgm.0754
PUB0755,Genomic Study 755,NEJM,2021,10.1000/dgm.0755
PUB0756,Genomic Study 756,Nature,2022,10.1000/dgm.0756
PUB0757,Genomic Study 757,Science,2023,10.1000/dgm.0757
PUB0758,Genomic Study 758,Cell,2024,10.1000/dgm.0758
PUB0759,Genomic Study 759,Lancet,2025,10.1000/dgm.0759
PUB0760,Genomic Study 760,NEJM,2015,10.1000/dgm.0760
PUB0761,Genomic Study 761,Nature,2016,10.1000/dgm.0761
PUB0762,Genomic Study 762,Science,2017,10.1000/dgm.0762
PUB0763,Genomic Study 763,Cell,2018,10.1000/dgm.0763
PUB0764,Genomic Study 764,Lancet,2019,10.1000/dgm.0764
PUB0765,Genomic Study 765,NEJM,2020,10.1000/dgm.0765
PUB0766,Genomic Study 766,Nature,2021,10.1000/dgm.0766
PUB0767,Genomic Study 767,Science,2022,10.1000/dgm.0767
PUB0768,Genomic Study 768,Cell,2023,10.1000/dgm.0768
PUB0769,Genomic Study 769,Lancet,2024,10.1000/dgm.0769
PUB0770,Genomic Study 770,NEJM,2025,10.1000/dgm.0770
PUB0771,Genomic Study 771,Nature,2015,10.1000/dgm.0771
PUB0772,Genomic Study 772,Science,2016,10.1000/dgm.0772
PUB0773,Genomic Study 773,Cell,2017,10.1000/dgm.0773
PUB0774,Genomic Study 774,Lancet,2018,10.1000/dgm.0774
PUB0775,Genomic Study 775,NEJM,2019,10.1000/dgm.0775
PUB0776,Genomic Study 776,Nature,2020,10.1000/dgm.0776
PUB0777,Genomic Study 777,Science,2021,10.1000/dgm.0777
PUB0778,Genomic Study 778,Cell,2022,10.1000/dgm.0778
PUB0779,Genomic Study 779,Lancet,2023,10.1000/dgm.0779
PUB0780,Genomic Study 780,NEJM,2024,10.1000/dgm.0780
PUB0781,Genomic Study 781,Nature,2025,10.1000/dgm.0781
PUB0782,Genomic Study 782,Science,2015,10.1000/dgm.0782
PUB0783,Genomic Study 783,Cell,2016,10.1000/dgm.0783
PUB0784,Genomic Study 784,Lancet,2017,10.1000/dgm.0784
PUB0785,Genomic Study 785,NEJM,2018,10.1000/dgm.0785
PUB0786,Genomic Study 786,Nature,2019,10.1000/dgm.0786
PUB0787,Genomic Study 787,Science,2020,10.1000/dgm.0787
PUB0788,Genomic Study 788,Cell,2021,10.1000/dgm.0788
PUB0789,Genomic Study 789,Lancet,2022,10.1000/dgm.0789
PUB0790,Genomic Study 790,NEJM,2023,10.1000/dgm.0790
PUB0791,Genomic Study 791,Nature,2024,10.1000/dgm.0791
PUB0792,Genomic Study 792,Science,2025,10.1000/dgm.0792
PUB0793,Genomic Study 793,Cell,2015,10.1000/dgm.0793
PUB0794,Genomic Study 794,Lancet,2016,10.1000/dgm.0794
PUB0795,Genomic Study 795,NEJM,2017,10.1000/dgm.0795
PUB0796,Genomic Study 796,Nature,2018,10.1000/dgm.0796
PUB0797,Genomic Study 797,Science,2019,10.1000/dgm.0797
PUB0798,Genomic Study 798,Cell,2020,10.1000/dgm.0798
PUB0799,Genomic Study 799,Lancet,2021,10.1000/dgm.0799
PUB0800,Genomic Study 800,NEJM,2022,10.1000/dgm.0800
PUB0801,Genomic Study 801,Nature,2023,10.1000/dgm.0801
PUB0802,Genomic Study 802,Science,2024,10.1000/dgm.0802
PUB0803,Genomic Study 803,Cell,2025,10.1000/dgm.0803
PUB0804,Genomic Study 804,Lancet,2015,10.1000/dgm.0804
PUB0805,Genomic Study 805,NEJM,2016,10.1000/dgm.0805
PUB0806,Genomic Study 806,Nature,2017,10.1000/dgm.0806
PUB0807,Genomic Study 807,Science,2018,10.1000/dgm.0807
PUB0808,Genomic Study 808,Cell,2019,10.1000/dgm.0808
PUB0809,Genomic Study 809,Lancet,2020,10.1000/dgm.0809
PUB0810,Genomic Study 810,NEJM,2021,10.1000/dgm.0810
PUB0811,Genomic Study 811,Nature,2022,10.1000/dgm.0811
PUB0812,Genomic Study 812,Science,2023,10.1000/dgm.0812
PUB0813,Genomic Study 813,Cell,2024,10.1000/dgm.0813
PUB0814,Genomic Study 814,Lancet,2025,10.1000/dgm.0814
PUB0815,Genomic Study 815,NEJM,2015,10.1000/dgm.0815
PUB0816,Genomic Study 816,Nature,2016,10.1000/dgm.0816
PUB0817,Genomic Study 817,Science,2017,10.1000/dgm.0817
PUB0818,Genomic Study 818,Cell,2018,10.1000/dgm.0818
PUB0819,Genomic Study 819,Lancet,2019,10.1000/dgm.0819
PUB0820,Genomic Study 820,NEJM,2020,10.1000/dgm.0820
PUB0821,Genomic Study 821,Nature,2021,10.1000/dgm.0821
PUB0822,Genomic Study 822,Science,2022,10.1000/dgm.0822
PUB0823,Genomic Study 823,Cell,2023,10.1000/dgm.0823
PUB0824,Genomic Study 824,Lancet,2024,10.1000/dgm.0824
PUB0825,Genomic Study 825,NEJM,2025,10.1000/dgm.0825
PUB0826,Genomic Study 826,Nature,2015,10.1000/dgm.0826
PUB0827,Genomic Study 827,Science,2016,10.1000/dgm.0827
PUB0828,Genomic Study 828,Cell,2017,10.1000/dgm.0828
PUB0829,Genomic Study 829,Lancet,2018,10.1000/dgm.0829
PUB0830,Genomic Study 830,NEJM,2019,10.1000/dgm.0830
PUB0831,Genomic Study 831,Nature,2020,10.1000/dgm.0831
PUB0832,Genomic Study 832,Science,2021,10.1000/dgm.0832
PUB0833,Genomic Study 833,Cell,2022,10.1000/dgm.0833
PUB0834,Genomic Study 834,Lancet,2023,10.1000/dgm.0834
PUB0835,Genomic Study 835,NEJM,2024,10.1000/dgm.0835
PUB0836,Genomic Study 836,Nature,2025,10.1000/dgm.0836
PUB0837,Genomic Study 837,Science,2015,10.1000/dgm.0837
PUB0838,Genomic Study 838,Cell,2016,10.1000/dgm.0838
PUB0839,Genomic Study 839,Lancet,2017,10.1000/dgm.0839
PUB0840,Genomic Study 840,NEJM,2018,10.1000/dgm.0840
PUB0841,Genomic Study 841,Nature,2019,10.1000/dgm.0841
PUB0842,Genomic Study 842,Science,2020,10.1000/dgm.0842
PUB0843,Genomic Study 843,Cell,2021,10.1000/dgm.0843
PUB0844,Genomic Study 844,Lancet,2022,10.1000/dgm.0844
PUB0845,Genomic Study 845,NEJM,2023,10.1000/dgm.0845
PUB0846,Genomic Study 846,Nature,2024,10.1000/dgm.0846
PUB0847,Genomic Study 847,Science,2025,10.1000/dgm.0847
PUB0848,Genomic Study 848,Cell,2015,10.1000/dgm.0848
PUB0849,Genomic Study 849,Lancet,2016,10.1000/dgm.0849
PUB0850,Genomic Study 850,NEJM,2017,10.1000/dgm.0850
PUB0851,Genomic Study 851,Nature,2018,10.1000/dgm.0851
PUB0852,Genomic Study 852,Science,2019,10.1000/dgm.0852
PUB0853,Genomic Study 853,Cell,2020,10.1000/dgm.0853
PUB0854,Genomic Study 854,Lancet,2021,10.1000/dgm.0854
PUB0855,Genomic Study 855,NEJM,2022,10.1000/dgm.0855
PUB0856,Genomic Study 856,Nature,2023,10.1000/dgm.0856
PUB0857,Genomic Study 857,Science,2024,10.1000/dgm.0857
PUB0858,Genomic Study 858,Cell,2025,10.1000/dgm.0858
PUB0859,Genomic Study 859,Lancet,2015,10.1000/dgm.0859
PUB0860,Genomic Study 860,NEJM,2016,10.1000/dgm.0860
PUB0861,Genomic Study 861,Nature,2017,10.1000/dgm.0861
PUB0862,Genomic Study 862,Science,2018,10.1000/dgm.0862
PUB0863,Genomic Study 863,Cell,2019,10.1000/dgm.0863
PUB0864,Genomic Study 864,Lancet,2020,10.1000/dgm.0864
PUB0865,Genomic Study 865,NEJM,2021,10.1000/dgm.0865
PUB0866,Genomic Study 866,Nature,2022,10.1000/dgm.0866
PUB0867,Genomic Study 867,Science,2023,10.1000/dgm.0867
PUB0868,Genomic Study 868,Cell,2024,10.1000/dgm.0868
PUB0869,Genomic Study 869,Lancet,2025,10.1000/dgm.0869
PUB0870,Genomic Study 870,NEJM,2015,10.1000/dgm.0870
PUB0871,Genomic Study 871,Nature,2016,10.1000/dgm.0871
PUB0872,Genomic Study 872,Science,2017,10.1000/dgm.0872
PUB0873,Genomic Study 873,Cell,2018,10.1000/dgm.0873
PUB0874,Genomic Study 874,Lancet,2019,10.1000/dgm.0874
PUB0875,Genomic Study 875,NEJM,2020,10.1000/dgm.0875
PUB0876,Genomic Study 876,Nature,2021,10.1000/dgm.0876
PUB0877,Genomic Study 877,Science,2022,10.1000/dgm.0877
PUB0878,Genomic Study 878,Cell,2023,10.1000/dgm.0878
PUB0879,Genomic Study 879,Lancet,2024,10.1000/dgm.0879
PUB0880,Genomic Study 880,NEJM,2025,10.1000/dgm.0880
PUB0881,Genomic Study 881,Nature,2015,10.1000/dgm.0881
PUB0882,Genomic Study 882,Science,2016,10.1000/dgm.0882
PUB0883,Genomic Study 883,Cell,2017,10.1000/dgm.0883
PUB0884,Genomic Study 884,Lancet,2018,10.1000/dgm.0884
PUB0885,Genomic Study 885,NEJM,2019,10.1000/dgm.0885
PUB0886,Genomic Study 886,Nature,2020,10.1000/dgm.0886
PUB0887,Genomic Study 887,Science,2021,10.1000/dgm.0887
PUB0888,Genomic Study 888,Cell,2022,10.1000/dgm.0888
PUB0889,Genomic Study 889,Lancet,2023,10.1000/dgm.0889
PUB0890,Genomic Study 890,NEJM,2024,10.1000/dgm.0890
PUB0891,Genomic Study 891,Nature,2025,10.1000/dgm.0891
PUB0892,Genomic Study 892,Science,2015,10.1000/dgm.0892
PUB0893,Genomic Study 893,Cell,2016,10.1000/dgm.0893
PUB0894,Genomic Study 894,Lancet,2017,10.1000/dgm.0894
PUB0895,Genomic Study 895,NEJM,2018,10.1000/dgm.0895
PUB0896,Genomic Study 896,Nature,2019,10.1000/dgm.0896
PUB0897,Genomic Study 897,Science,2020,10.1000/dgm.0897
PUB0898,Genomic Study 898,Cell,2021,10.1000/dgm.0898
PUB0899,Genomic Study 899,Lancet,2022,10.1000/dgm.0899
PUB0900,Genomic Study 900,NEJM,2023,10.1000/dgm.0900
PUB0901,Genomic Study 901,Nature,2024,10.1000/dgm.0901
PUB0902,Genomic Study 902,Science,2025,10.1000/dgm.0902
PUB0903,Genomic Study 903,Cell,2015,10.1000/dgm.0903
PUB0904,Genomic Study 904,Lancet,2016,10.1000/dgm.0904
PUB0905,Genomic Study 905,NEJM,2017,10.1000/dgm.0905
PUB0906,Genomic Study 906,Nature,2018,10.1000/dgm.0906
PUB0907,Genomic Study 907,Science,2019,10.1000/dgm.0907
PUB0908,Genomic Study 908,Cell,2020,10.1000/dgm.0908
PUB0909,Genomic Study 909,Lancet,2021,10.1000/dgm.0909
PUB0910,Genomic Study 910,NEJM,2022,10.1000/dgm.0910
PUB0911,Genomic Study 911,Nature,2023,10.1000/dgm.0911
PUB0912,Genomic Study 912,Science,2024,10.1000/dgm.0912
PUB0913,Genomic Study 913,Cell,2025,10.1000/dgm.0913
PUB0914,Genomic Study 914,Lancet,2015,10.1000/dgm.0914
PUB0915,Genomic Study 915,NEJM,2016,10.1000/dgm.0915
PUB0916,Genomic Study 916,Nature,2017,10.1000/dgm.0916
PUB0917,Genomic Study 917,Science,2018,10.1000/dgm.0917
PUB0918,Genomic Study 918,Cell,2019,10.1000/dgm.0918
PUB0919,Genomic Study 919,Lancet,2020,10.1000/dgm.0919
PUB0920,Genomic Study 920,NEJM,2021,10.1000/dgm.0920
PUB0921,Genomic Study 921,Nature,2022,10.1000/dgm.0921
PUB0922,Genomic Study 922,Science,2023,10.1000/dgm.0922
PUB0923,Genomic Study 923,Cell,2024,10.1000/dgm.0923
PUB0924,Genomic Study 924,Lancet,2025,10.1000/dgm.0924
PUB0925,Genomic Study 925,NEJM,2015,10.1000/dgm.0925
PUB0926,Genomic Study 926,Nature,2016,10.1000/dgm.0926
PUB0927,Genomic Study 927,Science,2017,10.1000/dgm.0927
PUB0928,Genomic Study 928,Cell,2018,10.1000/dgm.0928
PUB0929,Genomic Study 929,Lancet,2019,10.1000/dgm.0929
PUB0930,Genomic Study 930,NEJM,2020,10.1000/dgm.0930
PUB0931,Genomic Study 931,Nature,2021,10.1000/dgm.0931
PUB0932,Genomic Study 932,Science,2022,10.1000/dgm.0932
PUB0933,Genomic Study 933,Cell,2023,10.1000/dgm.0933
PUB0934,Genomic Study 934,Lancet,2024,10.1000/dgm.0934
PUB0935,Genomic Study 935,NEJM,2025,10.1000/dgm.0935
PUB0936,Genomic Study 936,Nature,2015,10.1000/dgm.0936
PUB0937,Genomic Study 937,Science,2016,10.1000/dgm.0937
PUB0938,Genomic Study 938,Cell,2017,10.1000/dgm.0938
PUB0939,Genomic Study 939,Lancet,2018,10.1000/dgm.0939
PUB0940,Genomic Study 940,NEJM,2019,10.1000/dgm.0940
PUB0941,Genomic Study 941,Nature,2020,10.1000/dgm.0941
PUB0942,Genomic Study 942,Science,2021,10.1000/dgm.0942
PUB0943,Genomic Study 943,Cell,2022,10.1000/dgm.0943
PUB0944,Genomic Study 944,Lancet,2023,10.1000/dgm.0944
PUB0945,Genomic Study 945,NEJM,2024,10.1000/dgm.0945
PUB0946,Genomic Study 946,Nature,2025,10.1000/dgm.0946
PUB0947,Genomic Study 947,Science,2015,10.1000/dgm.0947
PUB0948,Genomic Study 948,Cell,2016,10.1000/dgm.0948
PUB0949,Genomic Study 949,Lancet,2017,10.1000/dgm.0949
PUB0950,Genomic Study 950,NEJM,2018,10.1000/dgm.0950
PUB0951,Genomic Study 951,Nature,2019,10.1000/dgm.0951
PUB0952,Genomic Study 952,Science,2020,10.1000/dgm.0952
PUB0953,Genomic Study 953,Cell,2021,10.1000/dgm.0953
PUB0954,Genomic Study 954,Lancet,2022,10.1000/dgm.0954
PUB0955,Genomic Study 955,NEJM,2023,10.1000/dgm.0955
PUB0956,Genomic Study 956,Nature,2024,10.1000/dgm.0956
PUB0957,Genomic Study 957,Science,2025,10.1000/dgm.0957
PUB0958,Genomic Study 958,Cell,2015,10.1000/dgm.0958
PUB0959,Genomic Study 959,Lancet,2016,10.1000/dgm.0959
PUB0960,Genomic Study 960,NEJM,2017,10.1000/dgm.0960
PUB0961,Genomic Study 961,Nature,2018,10.1000/dgm.0961
PUB0962,Genomic Study 962,Science,2019,10.1000/dgm.0962
PUB0963,Genomic Study 963,Cell,2020,10.1000/dgm.0963
PUB0964,Genomic Study 964,Lancet,2021,10.1000/dgm.0964
PUB0965,Genomic Study 965,NEJM,2022,10.1000/dgm.0965
PUB0966,Genomic Study 966,Nature,2023,10.1000/dgm.0966
PUB0967,Genomic Study 967,Science,2024,10.1000/dgm.0967
PUB0968,Genomic Study 968,Cell,2025,10.1000/dgm.0968
PUB0969,Genomic Study 969,Lancet,2015,10.1000/dgm.0969
PUB0970,Genomic Study 970,NEJM,2016,10.1000/dgm.0970
PUB0971,Genomic Study 971,Nature,2017,10.1000/dgm.0971
PUB0972,Genomic Study 972,Science,2018,10.1000/dgm.0972
PUB0973,Genomic Study 973,Cell,2019,10.1000/dgm.0973
PUB0974,Genomic Study 974,Lancet,2020,10.1000/dgm.0974
PUB0975,Genomic Study 975,NEJM,2021,10.1000/dgm.0975
PUB0976,Genomic Study 976,Nature,2022,10.1000/dgm.0976
PUB0977,Genomic Study 977,Science,2023,10.1000/dgm.0977
PUB0978,Genomic Study 978,Cell,2024,10.1000/dgm.0978
PUB0979,Genomic Study 979,Lancet,2025,10.1000/dgm.0979
PUB0980,Genomic Study 980,NEJM,2015,10.1000/dgm.0980
PUB0981,Genomic Study 981,Nature,2016,10.1000/dgm.0981
PUB0982,Genomic Study 982,Science,2017,10.1000/dgm.0982
PUB0983,Genomic Study 983,Cell,2018,10.1000/dgm.0983
PUB0984,Genomic Study 984,Lancet,2019,10.1000/dgm.0984
PUB0985,Genomic Study 985,NEJM,2020,10.1000/dgm.0985
PUB0986,Genomic Study 986,Nature,2021,10.1000/dgm.0986
PUB0987,Genomic Study 987,Science,2022,10.1000/dgm.0987
PUB0988,Genomic Study 988,Cell,2023,10.1000/dgm.0988
PUB0989,Genomic Study 989,Lancet,2024,10.1000/dgm.0989
PUB0990,Genomic Study 990,NEJM,2025,10.1000/dgm.0990
PUB0991,Genomic Study 991,Nature,2015,10.1000/dgm.0991
PUB0992,Genomic Study 992,Science,2016,10.1000/dgm.0992
PUB0993,Genomic Study 993,Cell,2017,10.1000/dgm.0993
PUB0994,Genomic Study 994,Lancet,2018,10.1000/dgm.0994
PUB0995,Genomic Study 995,NEJM,2019,10.1000/dgm.0995
PUB0996,Genomic Study 996,Nature,2020,10.1000/dgm.0996
PUB0997,Genomic Study 997,Science,2021,10.1000/dgm.0997
PUB0998,Genomic Study 998,Cell,2022,10.1000/dgm.0998
PUB0999,Genomic Study 999,Lancet,2023,10.1000/dgm.0999
PUB1000,Genomic Study 1000,NEJM,2024,10.1000/dgm.1000
